"T","vtkValidPointMask","arc_length","Points:0","Points:1","Points:2"
278.15,1,0,0.2,0,5
278.15,1,0.0098,0.2098,0,5
278.15,1,0.0196,0.2196,0,5
278.15,1,0.0294,0.2294,0,5
278.15,1,0.0392,0.2392,0,5
278.15,1,0.049,0.249,0,5
278.15,1,0.0588,0.2588,0,5
278.15,1,0.0686,0.2686,0,5
278.15,1,0.0784,0.2784,0,5
278.15,1,0.0882,0.2882,0,5
278.15,1,0.098,0.298,0,5
278.15,1,0.1078,0.3078,0,5
278.15,1,0.1176,0.3176,0,5
278.15,1,0.1274,0.3274,0,5
278.15,1,0.1372,0.3372,0,5
278.15,1,0.147,0.347,0,5
278.15,1,0.1568,0.3568,0,5
278.15,1,0.1666,0.3666,0,5
278.15,1,0.1764,0.3764,0,5
278.15,1,0.1862,0.3862,0,5
278.15,1,0.196,0.396,0,5
278.15,1,0.2058,0.4058,0,5
278.15,1,0.2156,0.4156,0,5
278.15,1,0.2254,0.4254,0,5
278.15,1,0.2352,0.4352,0,5
278.15,1,0.245,0.445,0,5
278.15,1,0.2548,0.4548,0,5
278.15,1,0.2646,0.4646,0,5
278.15,1,0.2744,0.4744,0,5
278.15,1,0.2842,0.4842,0,5
278.15,1,0.294,0.494,0,5
278.15,1,0.3038,0.5038,0,5
278.15,1,0.3136,0.5136,0,5
278.15,1,0.3234,0.5234,0,5
278.15,1,0.3332,0.5332,0,5
278.15,1,0.343,0.543,0,5
278.15,1,0.3528,0.5528,0,5
278.15,1,0.3626,0.5626,0,5
278.15,1,0.3724,0.5724,0,5
278.15,1,0.3822,0.5822,0,5
278.15,1,0.392,0.592,0,5
278.15,1,0.4018,0.6018,0,5
278.15,1,0.4116,0.6116,0,5
278.15,1,0.4214,0.6214,0,5
278.15,1,0.4312,0.6312,0,5
278.15,1,0.441,0.641,0,5
278.15,1,0.4508,0.6508,0,5
278.15,1,0.4606,0.6606,0,5
278.15,1,0.4704,0.6704,0,5
278.15,1,0.4802,0.6802,0,5
278.15,1,0.49,0.69,0,5
278.15,1,0.4998,0.6998,0,5
278.15,1,0.5096,0.7096,0,5
278.15,1,0.5194,0.7194,0,5
278.15,1,0.5292,0.7292,0,5
278.15,1,0.539,0.739,0,5
278.15,1,0.5488,0.7488,0,5
278.15,1,0.5586,0.7586,0,5
278.15,1,0.5684,0.7684,0,5
278.15,1,0.5782,0.7782,0,5
278.15,1,0.588,0.788,0,5
278.15,1,0.5978,0.7978,0,5
278.15,1,0.6076,0.8076,0,5
278.15,1,0.6174,0.8174,0,5
278.15,1,0.6272,0.8272,0,5
278.15,1,0.637,0.837,0,5
278.15,1,0.6468,0.8468,0,5
278.15,1,0.6566,0.8566,0,5
278.15,1,0.6664,0.8664,0,5
278.15,1,0.6762,0.8762,0,5
278.15,1,0.686,0.886,0,5
278.15,1,0.6958,0.8958,0,5
278.15,1,0.7056,0.9056,0,5
278.15,1,0.7154,0.9154,0,5
278.15,1,0.7252,0.9252,0,5
278.15,1,0.735,0.935,0,5
278.15,1,0.7448,0.9448,0,5
278.15,1,0.7546,0.9546,0,5
278.15,1,0.7644,0.9644,0,5
278.15,1,0.7742,0.9742,0,5
278.15,1,0.784,0.984,0,5
278.15,1,0.7938,0.9938,0,5
278.15,1,0.8036,1.0036,0,5
278.15,1,0.8134,1.0134,0,5
278.15,1,0.8232,1.0232,0,5
278.15,1,0.833,1.033,0,5
278.15,1,0.8428,1.0428,0,5
278.15,1,0.8526,1.0526,0,5
278.15,1,0.8624,1.0624,0,5
278.15,1,0.8722,1.0722,0,5
278.15,1,0.882,1.082,0,5
278.15,1,0.8918,1.0918,0,5
278.15,1,0.9016,1.1016,0,5
278.15,1,0.9114,1.1114,0,5
278.15,1,0.9212,1.1212,0,5
278.15,1,0.931,1.131,0,5
278.15,1,0.9408,1.1408,0,5
278.15,1,0.9506,1.1506,0,5
278.15,1,0.9604,1.1604,0,5
278.15,1,0.9702,1.1702,0,5
278.15,1,0.98,1.18,0,5
278.15,1,0.9898,1.1898,0,5
278.15,1,0.9996,1.1996,0,5
278.15,1,1.0094,1.2094,0,5
278.15,1,1.0192,1.2192,0,5
278.15,1,1.029,1.229,0,5
278.15,1,1.0388,1.2388,0,5
278.15,1,1.0486,1.2486,0,5
278.15,1,1.0584,1.2584,0,5
278.15,1,1.0682,1.2682,0,5
278.15,1,1.078,1.278,0,5
278.15,1,1.0878,1.2878,0,5
278.15,1,1.0976,1.2976,0,5
278.15,1,1.1074,1.3074,0,5
278.15,1,1.1172,1.3172,0,5
278.15,1,1.127,1.327,0,5
278.15,1,1.1368,1.3368,0,5
278.15,1,1.1466,1.3466,0,5
278.15,1,1.1564,1.3564,0,5
278.15,1,1.1662,1.3662,0,5
278.15,1,1.176,1.376,0,5
278.15,1,1.1858,1.3858,0,5
278.15,1,1.1956,1.3956,0,5
278.15,1,1.2054,1.4054,0,5
278.15,1,1.2152,1.4152,0,5
278.15,1,1.225,1.425,0,5
278.15,1,1.2348,1.4348,0,5
278.15,1,1.2446,1.4446,0,5
278.15,1,1.2544,1.4544,0,5
278.15,1,1.2642,1.4642,0,5
278.15,1,1.274,1.474,0,5
278.15,1,1.2838,1.4838,0,5
278.15,1,1.2936,1.4936,0,5
278.15,1,1.3034,1.5034,0,5
278.15,1,1.3132,1.5132,0,5
278.15,1,1.323,1.523,0,5
278.15,1,1.3328,1.5328,0,5
278.15,1,1.3426,1.5426,0,5
278.15,1,1.3524,1.5524,0,5
278.15,1,1.3622,1.5622,0,5
278.15,1,1.372,1.572,0,5
278.15,1,1.3818,1.5818,0,5
278.15,1,1.3916,1.5916,0,5
278.15,1,1.4014,1.6014,0,5
278.15,1,1.4112,1.6112,0,5
278.15,1,1.421,1.621,0,5
278.15,1,1.4308,1.6308,0,5
278.15,1,1.4406,1.6406,0,5
278.15,1,1.4504,1.6504,0,5
278.15,1,1.4602,1.6602,0,5
278.15,1,1.47,1.67,0,5
278.15,1,1.4798,1.6798,0,5
278.15,1,1.4896,1.6896,0,5
278.15,1,1.4994,1.6994,0,5
278.15,1,1.5092,1.7092,0,5
278.15,1,1.519,1.719,0,5
278.15,1,1.5288,1.7288,0,5
278.15,1,1.5386,1.7386,0,5
278.15,1,1.5484,1.7484,0,5
278.15,1,1.5582,1.7582,0,5
278.15,1,1.568,1.768,0,5
278.15,1,1.5778,1.7778,0,5
278.15,1,1.5876,1.7876,0,5
278.15,1,1.5974,1.7974,0,5
278.15,1,1.6072,1.8072,0,5
278.15,1,1.617,1.817,0,5
278.15,1,1.6268,1.8268,0,5
278.15,1,1.6366,1.8366,0,5
278.15,1,1.6464,1.8464,0,5
278.15,1,1.6562,1.8562,0,5
278.15,1,1.666,1.866,0,5
278.15,1,1.6758,1.8758,0,5
278.15,1,1.6856,1.8856,0,5
278.15,1,1.6954,1.8954,0,5
278.15,1,1.7052,1.9052,0,5
278.15,1,1.715,1.915,0,5
278.15,1,1.7248,1.9248,0,5
278.15,1,1.7346,1.9346,0,5
278.15,1,1.7444,1.9444,0,5
278.15,1,1.7542,1.9542,0,5
278.15,1,1.764,1.964,0,5
278.15,1,1.7738,1.9738,0,5
278.15,1,1.7836,1.9836,0,5
278.15,1,1.7934,1.9934,0,5
278.15,1,1.8032,2.0032,0,5
278.15,1,1.813,2.013,0,5
278.15,1,1.8228,2.0228,0,5
278.15,1,1.8326,2.0326,0,5
278.15,1,1.8424,2.0424,0,5
278.15,1,1.8522,2.0522,0,5
278.15,1,1.862,2.062,0,5
278.15,1,1.8718,2.0718,0,5
278.15,1,1.8816,2.0816,0,5
278.15,1,1.8914,2.0914,0,5
278.15,1,1.9012,2.1012,0,5
278.15,1,1.911,2.111,0,5
278.15,1,1.9208,2.1208,0,5
278.15,1,1.9306,2.1306,0,5
278.15,1,1.9404,2.1404,0,5
278.15,1,1.9502,2.1502,0,5
278.15,1,1.96,2.16,0,5
278.15,1,1.9698,2.1698,0,5
278.15,1,1.9796,2.1796,0,5
278.15,1,1.9894,2.1894,0,5
278.15,1,1.9992,2.1992,0,5
278.15,1,2.009,2.209,0,5
278.15,1,2.0188,2.2188,0,5
278.15,1,2.0286,2.2286,0,5
278.15,1,2.0384,2.2384,0,5
278.15,1,2.0482,2.2482,0,5
278.15,1,2.058,2.258,0,5
278.15,1,2.0678,2.2678,0,5
278.15,1,2.0776,2.2776,0,5
278.15,1,2.0874,2.2874,0,5
278.15,1,2.0972,2.2972,0,5
278.15,1,2.107,2.307,0,5
278.15,1,2.1168,2.3168,0,5
278.15,1,2.1266,2.3266,0,5
278.15,1,2.1364,2.3364,0,5
278.15,1,2.1462,2.3462,0,5
278.15,1,2.156,2.356,0,5
278.15,1,2.1658,2.3658,0,5
278.15,1,2.1756,2.3756,0,5
278.15,1,2.1854,2.3854,0,5
278.15,1,2.1952,2.3952,0,5
278.15,1,2.205,2.405,0,5
278.15,1,2.2148,2.4148,0,5
278.15,1,2.2246,2.4246,0,5
278.15,1,2.2344,2.4344,0,5
278.15,1,2.2442,2.4442,0,5
278.15,1,2.254,2.454,0,5
278.15,1,2.2638,2.4638,0,5
278.15,1,2.2736,2.4736,0,5
278.15,1,2.2834,2.4834,0,5
278.15,1,2.2932,2.4932,0,5
278.15,1,2.303,2.503,0,5
278.15,1,2.3128,2.5128,0,5
278.15,1,2.3226,2.5226,0,5
278.15,1,2.3324,2.5324,0,5
278.15,1,2.3422,2.5422,0,5
278.15,1,2.352,2.552,0,5
278.15,1,2.3618,2.5618,0,5
278.15,1,2.3716,2.5716,0,5
278.15,1,2.3814,2.5814,0,5
278.15,1,2.3912,2.5912,0,5
278.15,1,2.401,2.601,0,5
278.15,1,2.4108,2.6108,0,5
278.15,1,2.4206,2.6206,0,5
278.15,1,2.4304,2.6304,0,5
278.15,1,2.4402,2.6402,0,5
278.15,1,2.45,2.65,0,5
278.15,1,2.4598,2.6598,0,5
278.15,1,2.4696,2.6696,0,5
278.15,1,2.4794,2.6794,0,5
278.15,1,2.4892,2.6892,0,5
278.15,1,2.499,2.699,0,5
278.15,1,2.5088,2.7088,0,5
278.15,1,2.5186,2.7186,0,5
278.15,1,2.5284,2.7284,0,5
278.15,1,2.5382,2.7382,0,5
278.15,1,2.548,2.748,0,5
278.15,1,2.5578,2.7578,0,5
278.15,1,2.5676,2.7676,0,5
278.15,1,2.5774,2.7774,0,5
278.15,1,2.5872,2.7872,0,5
278.15,1,2.597,2.797,0,5
278.15,1,2.6068,2.8068,0,5
278.15,1,2.6166,2.8166,0,5
278.15,1,2.6264,2.8264,0,5
278.15,1,2.6362,2.8362,0,5
278.15,1,2.646,2.846,0,5
278.15,1,2.6558,2.8558,0,5
278.15,1,2.6656,2.8656,0,5
278.15,1,2.6754,2.8754,0,5
278.15,1,2.6852,2.8852,0,5
278.15,1,2.695,2.895,0,5
278.15,1,2.7048,2.9048,0,5
278.15,1,2.7146,2.9146,0,5
278.15,1,2.7244,2.9244,0,5
278.14,1,2.7342,2.9342,0,5
278.14,1,2.744,2.944,0,5
278.14,1,2.7538,2.9538,0,5
278.14,1,2.7636,2.9636,0,5
278.14,1,2.7734,2.9734,0,5
278.14,1,2.7832,2.9832,0,5
278.14,1,2.793,2.993,0,5
278.14,1,2.8028,3.0028,0,5
278.14,1,2.8126,3.0126,0,5
278.14,1,2.8224,3.0224,0,5
278.14,1,2.8322,3.0322,0,5
278.14,1,2.842,3.042,0,5
278.14,1,2.8518,3.0518,0,5
278.14,1,2.8616,3.0616,0,5
278.14,1,2.8714,3.0714,0,5
278.14,1,2.8812,3.0812,0,5
278.14,1,2.891,3.091,0,5
278.13,1,2.9008,3.1008,0,5
278.13,1,2.9106,3.1106,0,5
278.13,1,2.9204,3.1204,0,5
278.13,1,2.9302,3.1302,0,5
278.13,1,2.94,3.14,0,5
278.13,1,2.9498,3.1498,0,5
278.13,1,2.9596,3.1596,0,5
278.13,1,2.9694,3.1694,0,5
278.13,1,2.9792,3.1792,0,5
278.13,1,2.989,3.189,0,5
278.13,1,2.9988,3.1988,0,5
278.13,1,3.0086,3.2086,0,5
278.12,1,3.0184,3.2184,0,5
278.12,1,3.0282,3.2282,0,5
278.12,1,3.038,3.238,0,5
278.12,1,3.0478,3.2478,0,5
278.12,1,3.0576,3.2576,0,5
278.12,1,3.0674,3.2674,0,5
278.12,1,3.0772,3.2772,0,5
278.12,1,3.087,3.287,0,5
278.12,1,3.0968,3.2968,0,5
278.12,1,3.1066,3.3066,0,5
278.12,1,3.1164,3.3164,0,5
278.12,1,3.1262,3.3262,0,5
278.11,1,3.136,3.336,0,5
278.11,1,3.1458,3.3458,0,5
278.11,1,3.1556,3.3556,0,5
278.11,1,3.1654,3.3654,0,5
278.1,1,3.1752,3.3752,0,5
278.09,1,3.185,3.385,0,5
278.08,1,3.1948,3.3948,0,5
278.07,1,3.2046,3.4046,0,5
278.06,1,3.2144,3.4144,0,5
278.05,1,3.2242,3.4242,0,5
278.03,1,3.234,3.434,0,5
278.02,1,3.2438,3.4438,0,5
278.01,1,3.2536,3.4536,0,5
278,1,3.2634,3.4634,0,5
277.99,1,3.2732,3.4732,0,5
277.98,1,3.283,3.483,0,5
277.97,1,3.2928,3.4928,0,5
277.96,1,3.3026,3.5026,0,5
277.95,1,3.3124,3.5124,0,5
277.94,1,3.3222,3.5222,0,5
277.93,1,3.332,3.532,0,5
277.92,1,3.3418,3.5418,0,5
277.91,1,3.3516,3.5516,0,5
277.9,1,3.3614,3.5614,0,5
277.89,1,3.3712,3.5712,0,5
277.88,1,3.381,3.581,0,5
277.87,1,3.3908,3.5908,0,5
277.85,1,3.4006,3.6006,0,5
277.84,1,3.4104,3.6104,0,5
277.83,1,3.4202,3.6202,0,5
277.82,1,3.43,3.63,0,5
277.81,1,3.4398,3.6398,0,5
277.8,1,3.4496,3.6496,0,5
277.79,1,3.4594,3.6594,0,5
277.78,1,3.4692,3.6692,0,5
277.77,1,3.479,3.679,0,5
277.76,1,3.4888,3.6888,0,5
277.75,1,3.4986,3.6986,0,5
277.74,1,3.5084,3.7084,0,5
277.72,1,3.5182,3.7182,0,5
277.69,1,3.528,3.728,0,5
277.65,1,3.5378,3.7378,0,5
277.61,1,3.5476,3.7476,0,5
277.58,1,3.5574,3.7574,0,5
277.54,1,3.5672,3.7672,0,5
277.51,1,3.577,3.777,0,5
277.47,1,3.5868,3.7868,0,5
277.43,1,3.5966,3.7966,0,5
277.4,1,3.6064,3.8064,0,5
277.36,1,3.6162,3.8162,0,5
277.32,1,3.626,3.826,0,5
277.29,1,3.6358,3.8358,0,5
277.25,1,3.6456,3.8456,0,5
277.22,1,3.6554,3.8554,0,5
277.18,1,3.6652,3.8652,0,5
277.14,1,3.675,3.875,0,5
277.11,1,3.6848,3.8848,0,5
277.07,1,3.6946,3.8946,0,5
277.03,1,3.7044,3.9044,0,5
277,1,3.7142,3.9142,0,5
276.96,1,3.724,3.924,0,5
276.93,1,3.7338,3.9338,0,5
276.89,1,3.7436,3.9436,0,5
276.85,1,3.7534,3.9534,0,5
276.82,1,3.7632,3.9632,0,5
276.78,1,3.773,3.973,0,5
276.74,1,3.7828,3.9828,0,5
276.71,1,3.7926,3.9926,0,5
276.67,1,3.8024,4.0024,0,5
276.64,1,3.8122,4.0122,0,5
276.6,1,3.822,4.022,0,5
276.56,1,3.8318,4.0318,0,5
276.53,1,3.8416,4.0416,0,5
276.49,1,3.8514,4.0514,0,5
276.45,1,3.8612,4.0612,0,5
276.42,1,3.871,4.071,0,5
276.38,1,3.8808,4.0808,0,5
276.34,1,3.8906,4.0906,0,5
276.3,1,3.9004,4.1004,0,5
276.25,1,3.9102,4.1102,0,5
276.21,1,3.92,4.12,0,5
276.16,1,3.9298,4.1298,0,5
276.12,1,3.9396,4.1396,0,5
276.07,1,3.9494,4.1494,0,5
276.03,1,3.9592,4.1592,0,5
275.98,1,3.969,4.169,0,5
275.93,1,3.9788,4.1788,0,5
275.89,1,3.9886,4.1886,0,5
275.84,1,3.9984,4.1984,0,5
275.8,1,4.0082,4.2082,0,5
275.75,1,4.018,4.218,0,5
275.71,1,4.0278,4.2278,0,5
275.66,1,4.0376,4.2376,0,5
275.62,1,4.0474,4.2474,0,5
275.57,1,4.0572,4.2572,0,5
275.52,1,4.067,4.267,0,5
275.48,1,4.0768,4.2768,0,5
275.43,1,4.0866,4.2866,0,5
275.39,1,4.0964,4.2964,0,5
275.34,1,4.1062,4.3062,0,5
275.3,1,4.116,4.316,0,5
275.25,1,4.1258,4.3258,0,5
275.21,1,4.1356,4.3356,0,5
275.16,1,4.1454,4.3454,0,5
275.11,1,4.1552,4.3552,0,5
275.07,1,4.165,4.365,0,5
275.02,1,4.1748,4.3748,0,5
274.98,1,4.1846,4.3846,0,5
274.93,1,4.1944,4.3944,0,5
274.89,1,4.2042,4.4042,0,5
274.84,1,4.214,4.414,0,5
274.8,1,4.2238,4.4238,0,5
274.75,1,4.2336,4.4336,0,5
274.71,1,4.2434,4.4434,0,5
274.66,1,4.2532,4.4532,0,5
274.61,1,4.263,4.463,0,5
274.57,1,4.2728,4.4728,0,5
274.53,1,4.2826,4.4826,0,5
274.5,1,4.2924,4.4924,0,5
274.48,1,4.3022,4.5022,0,5
274.45,1,4.312,4.512,0,5
274.42,1,4.3218,4.5218,0,5
274.4,1,4.3316,4.5316,0,5
274.37,1,4.3414,4.5414,0,5
274.35,1,4.3512,4.5512,0,5
274.32,1,4.361,4.561,0,5
274.29,1,4.3708,4.5708,0,5
274.27,1,4.3806,4.5806,0,5
274.24,1,4.3904,4.5904,0,5
274.22,1,4.4002,4.6002,0,5
274.19,1,4.41,4.61,0,5
274.16,1,4.4198,4.6198,0,5
274.14,1,4.4296,4.6296,0,5
274.11,1,4.4394,4.6394,0,5
274.09,1,4.4492,4.6492,0,5
274.06,1,4.459,4.659,0,5
274.03,1,4.4688,4.6688,0,5
274.01,1,4.4786,4.6786,0,5
273.98,1,4.4884,4.6884,0,5
273.96,1,4.4982,4.6982,0,5
273.93,1,4.508,4.708,0,5
273.9,1,4.5178,4.7178,0,5
273.88,1,4.5276,4.7276,0,5
273.85,1,4.5374,4.7374,0,5
273.83,1,4.5472,4.7472,0,5
273.8,1,4.557,4.757,0,5
273.78,1,4.5668,4.7668,0,5
273.75,1,4.5766,4.7766,0,5
273.72,1,4.5864,4.7864,0,5
273.7,1,4.5962,4.7962,0,5
273.67,1,4.606,4.806,0,5
273.65,1,4.6158,4.8158,0,5
273.62,1,4.6256,4.8256,0,5
273.59,1,4.6354,4.8354,0,5
273.57,1,4.6452,4.8452,0,5
273.54,1,4.655,4.855,0,5
273.52,1,4.6648,4.8648,0,5
273.49,1,4.6746,4.8746,0,5
273.46,1,4.6844,4.8844,0,5
273.45,1,4.6942,4.8942,0,5
273.44,1,4.704,4.904,0,5
273.43,1,4.7138,4.9138,0,5
273.43,1,4.7236,4.9236,0,5
273.42,1,4.7334,4.9334,0,5
273.41,1,4.7432,4.9432,0,5
273.41,1,4.753,4.953,0,5
273.4,1,4.7628,4.9628,0,5
273.39,1,4.7726,4.9726,0,5
273.39,1,4.7824,4.9824,0,5
273.38,1,4.7922,4.9922,0,5
273.37,1,4.802,5.002,0,5
273.37,1,4.8118,5.0118,0,5
273.36,1,4.8216,5.0216,0,5
273.36,1,4.8314,5.0314,0,5
273.35,1,4.8412,5.0412,0,5
273.34,1,4.851,5.051,0,5
273.34,1,4.8608,5.0608,0,5
273.33,1,4.8706,5.0706,0,5
273.32,1,4.8804,5.0804,0,5
273.32,1,4.8902,5.0902,0,5
273.31,1,4.9,5.1,0,5
273.3,1,4.9098,5.1098,0,5
273.3,1,4.9196,5.1196,0,5
273.29,1,4.9294,5.1294,0,5
273.28,1,4.9392,5.1392,0,5
273.28,1,4.949,5.149,0,5
273.27,1,4.9588,5.1588,0,5
273.26,1,4.9686,5.1686,0,5
273.26,1,4.9784,5.1784,0,5
273.25,1,4.9882,5.1882,0,5
273.25,1,4.998,5.198,0,5
273.24,1,5.0078,5.2078,0,5
273.23,1,5.0176,5.2176,0,5
273.23,1,5.0274,5.2274,0,5
273.22,1,5.0372,5.2372,0,5
273.21,1,5.047,5.247,0,5
273.21,1,5.0568,5.2568,0,5
273.2,1,5.0666,5.2666,0,5
273.19,1,5.0764,5.2764,0,5
273.19,1,5.0862,5.2862,0,5
273.18,1,5.096,5.296,0,5
273.17,1,5.1058,5.3058,0,5
273.17,1,5.1156,5.3156,0,5
273.17,1,5.1254,5.3254,0,5
273.17,1,5.1352,5.3352,0,5
273.16,1,5.145,5.345,0,5
273.16,1,5.1548,5.3548,0,5
273.16,1,5.1646,5.3646,0,5
273.16,1,5.1744,5.3744,0,5
273.16,1,5.1842,5.3842,0,5
273.16,1,5.194,5.394,0,5
273.16,1,5.2038,5.4038,0,5
273.16,1,5.2136,5.4136,0,5
273.16,1,5.2234,5.4234,0,5
273.16,1,5.2332,5.4332,0,5
273.16,1,5.243,5.443,0,5
273.16,1,5.2528,5.4528,0,5
273.16,1,5.2626,5.4626,0,5
273.16,1,5.2724,5.4724,0,5
273.16,1,5.2822,5.4822,0,5
273.16,1,5.292,5.492,0,5
273.16,1,5.3018,5.5018,0,5
273.16,1,5.3116,5.5116,0,5
273.16,1,5.3214,5.5214,0,5
273.16,1,5.3312,5.5312,0,5
273.16,1,5.341,5.541,0,5
273.16,1,5.3508,5.5508,0,5
273.16,1,5.3606,5.5606,0,5
273.16,1,5.3704,5.5704,0,5
273.16,1,5.3802,5.5802,0,5
273.16,1,5.39,5.59,0,5
273.15,1,5.3998,5.5998,0,5
273.15,1,5.4096,5.6096,0,5
273.15,1,5.4194,5.6194,0,5
273.15,1,5.4292,5.6292,0,5
273.15,1,5.439,5.639,0,5
273.15,1,5.4488,5.6488,0,5
273.15,1,5.4586,5.6586,0,5
273.15,1,5.4684,5.6684,0,5
273.15,1,5.4782,5.6782,0,5
273.15,1,5.488,5.688,0,5
273.15,1,5.4978,5.6978,0,5
273.15,1,5.5076,5.7076,0,5
273.15,1,5.5174,5.7174,0,5
273.15,1,5.5272,5.7272,0,5
273.15,1,5.537,5.737,0,5
273.15,1,5.5468,5.7468,0,5
273.15,1,5.5566,5.7566,0,5
273.15,1,5.5664,5.7664,0,5
273.15,1,5.5762,5.7762,0,5
273.15,1,5.586,5.786,0,5
273.15,1,5.5958,5.7958,0,5
273.15,1,5.6056,5.8056,0,5
273.15,1,5.6154,5.8154,0,5
273.15,1,5.6252,5.8252,0,5
273.15,1,5.635,5.835,0,5
273.15,1,5.6448,5.8448,0,5
273.15,1,5.6546,5.8546,0,5
273.15,1,5.6644,5.8644,0,5
273.15,1,5.6742,5.8742,0,5
273.15,1,5.684,5.884,0,5
273.15,1,5.6938,5.8938,0,5
273.15,1,5.7036,5.9036,0,5
273.15,1,5.7134,5.9134,0,5
273.15,1,5.7232,5.9232,0,5
273.15,1,5.733,5.933,0,5
273.15,1,5.7428,5.9428,0,5
273.15,1,5.7526,5.9526,0,5
273.15,1,5.7624,5.9624,0,5
273.15,1,5.7722,5.9722,0,5
273.15,1,5.782,5.982,0,5
273.15,1,5.7918,5.9918,0,5
273.15,1,5.8016,6.0016,0,5
273.15,1,5.8114,6.0114,0,5
273.15,1,5.8212,6.0212,0,5
273.15,1,5.831,6.031,0,5
273.15,1,5.8408,6.0408,0,5
273.15,1,5.8506,6.0506,0,5
273.15,1,5.8604,6.0604,0,5
273.15,1,5.8702,6.0702,0,5
273.15,1,5.88,6.08,0,5
273.15,1,5.8898,6.0898,0,5
273.15,1,5.8996,6.0996,0,5
273.15,1,5.9094,6.1094,0,5
273.15,1,5.9192,6.1192,0,5
273.15,1,5.929,6.129,0,5
273.15,1,5.9388,6.1388,0,5
273.15,1,5.9486,6.1486,0,5
273.15,1,5.9584,6.1584,0,5
273.15,1,5.9682,6.1682,0,5
273.15,1,5.978,6.178,0,5
273.15,1,5.9878,6.1878,0,5
273.15,1,5.9976,6.1976,0,5
273.15,1,6.0074,6.2074,0,5
273.15,1,6.0172,6.2172,0,5
273.15,1,6.027,6.227,0,5
273.15,1,6.0368,6.2368,0,5
273.15,1,6.0466,6.2466,0,5
273.15,1,6.0564,6.2564,0,5
273.15,1,6.0662,6.2662,0,5
273.15,1,6.076,6.276,0,5
273.15,1,6.0858,6.2858,0,5
273.15,1,6.0956,6.2956,0,5
273.15,1,6.1054,6.3054,0,5
273.15,1,6.1152,6.3152,0,5
273.15,1,6.125,6.325,0,5
273.15,1,6.1348,6.3348,0,5
273.15,1,6.1446,6.3446,0,5
273.15,1,6.1544,6.3544,0,5
273.15,1,6.1642,6.3642,0,5
273.15,1,6.174,6.374,0,5
273.15,1,6.1838,6.3838,0,5
273.15,1,6.1936,6.3936,0,5
273.15,1,6.2034,6.4034,0,5
273.15,1,6.2132,6.4132,0,5
273.15,1,6.223,6.423,0,5
273.15,1,6.2328,6.4328,0,5
273.15,1,6.2426,6.4426,0,5
273.15,1,6.2524,6.4524,0,5
273.15,1,6.2622,6.4622,0,5
273.15,1,6.272,6.472,0,5
273.15,1,6.2818,6.4818,0,5
273.15,1,6.2916,6.4916,0,5
273.15,1,6.3014,6.5014,0,5
273.15,1,6.3112,6.5112,0,5
273.15,1,6.321,6.521,0,5
273.15,1,6.3308,6.5308,0,5
273.15,1,6.3406,6.5406,0,5
273.15,1,6.3504,6.5504,0,5
273.15,1,6.3602,6.5602,0,5
273.15,1,6.37,6.57,0,5
273.15,1,6.3798,6.5798,0,5
273.15,1,6.3896,6.5896,0,5
273.15,1,6.3994,6.5994,0,5
273.15,1,6.4092,6.6092,0,5
273.15,1,6.419,6.619,0,5
273.15,1,6.4288,6.6288,0,5
273.15,1,6.4386,6.6386,0,5
273.15,1,6.4484,6.6484,0,5
273.15,1,6.4582,6.6582,0,5
273.15,1,6.468,6.668,0,5
273.15,1,6.4778,6.6778,0,5
273.15,1,6.4876,6.6876,0,5
273.15,1,6.4974,6.6974,0,5
273.15,1,6.5072,6.7072,0,5
273.15,1,6.517,6.717,0,5
273.15,1,6.5268,6.7268,0,5
273.15,1,6.5366,6.7366,0,5
273.15,1,6.5464,6.7464,0,5
273.15,1,6.5562,6.7562,0,5
273.15,1,6.566,6.766,0,5
273.15,1,6.5758,6.7758,0,5
273.15,1,6.5856,6.7856,0,5
273.15,1,6.5954,6.7954,0,5
273.15,1,6.6052,6.8052,0,5
273.15,1,6.615,6.815,0,5
273.15,1,6.6248,6.8248,0,5
273.15,1,6.6346,6.8346,0,5
273.15,1,6.6444,6.8444,0,5
273.15,1,6.6542,6.8542,0,5
273.15,1,6.664,6.864,0,5
273.15,1,6.6738,6.8738,0,5
273.15,1,6.6836,6.8836,0,5
273.15,1,6.6934,6.8934,0,5
273.15,1,6.7032,6.9032,0,5
273.15,1,6.713,6.913,0,5
273.15,1,6.7228,6.9228,0,5
273.15,1,6.7326,6.9326,0,5
273.15,1,6.7424,6.9424,0,5
273.15,1,6.7522,6.9522,0,5
273.15,1,6.762,6.962,0,5
273.15,1,6.7718,6.9718,0,5
273.15,1,6.7816,6.9816,0,5
273.15,1,6.7914,6.9914,0,5
273.15,1,6.8012,7.0012,0,5
273.15,1,6.811,7.011,0,5
273.15,1,6.8208,7.0208,0,5
273.15,1,6.8306,7.0306,0,5
273.15,1,6.8404,7.0404,0,5
273.15,1,6.8502,7.0502,0,5
273.15,1,6.86,7.06,0,5
273.15,1,6.8698,7.0698,0,5
273.15,1,6.8796,7.0796,0,5
273.15,1,6.8894,7.0894,0,5
273.15,1,6.8992,7.0992,0,5
273.15,1,6.909,7.109,0,5
273.15,1,6.9188,7.1188,0,5
273.15,1,6.9286,7.1286,0,5
273.15,1,6.9384,7.1384,0,5
273.15,1,6.9482,7.1482,0,5
273.15,1,6.958,7.158,0,5
273.15,1,6.9678,7.1678,0,5
273.15,1,6.9776,7.1776,0,5
273.15,1,6.9874,7.1874,0,5
273.15,1,6.9972,7.1972,0,5
273.15,1,7.007,7.207,0,5
273.15,1,7.0168,7.2168,0,5
273.15,1,7.0266,7.2266,0,5
273.15,1,7.0364,7.2364,0,5
273.15,1,7.0462,7.2462,0,5
273.15,1,7.056,7.256,0,5
273.15,1,7.0658,7.2658,0,5
273.15,1,7.0756,7.2756,0,5
273.15,1,7.0854,7.2854,0,5
273.15,1,7.0952,7.2952,0,5
273.15,1,7.105,7.305,0,5
273.15,1,7.1148,7.3148,0,5
273.15,1,7.1246,7.3246,0,5
273.15,1,7.1344,7.3344,0,5
273.15,1,7.1442,7.3442,0,5
273.15,1,7.154,7.354,0,5
273.15,1,7.1638,7.3638,0,5
273.15,1,7.1736,7.3736,0,5
273.15,1,7.1834,7.3834,0,5
273.15,1,7.1932,7.3932,0,5
273.15,1,7.203,7.403,0,5
273.15,1,7.2128,7.4128,0,5
273.15,1,7.2226,7.4226,0,5
273.15,1,7.2324,7.4324,0,5
273.15,1,7.2422,7.4422,0,5
273.15,1,7.252,7.452,0,5
273.15,1,7.2618,7.4618,0,5
273.15,1,7.2716,7.4716,0,5
273.15,1,7.2814,7.4814,0,5
273.15,1,7.2912,7.4912,0,5
273.15,1,7.301,7.501,0,5
273.15,1,7.3108,7.5108,0,5
273.15,1,7.3206,7.5206,0,5
273.15,1,7.3304,7.5304,0,5
273.15,1,7.3402,7.5402,0,5
273.15,1,7.35,7.55,0,5
273.15,1,7.3598,7.5598,0,5
273.15,1,7.3696,7.5696,0,5
273.15,1,7.3794,7.5794,0,5
273.15,1,7.3892,7.5892,0,5
273.15,1,7.399,7.599,0,5
273.15,1,7.4088,7.6088,0,5
273.15,1,7.4186,7.6186,0,5
273.15,1,7.4284,7.6284,0,5
273.15,1,7.4382,7.6382,0,5
273.15,1,7.448,7.648,0,5
273.15,1,7.4578,7.6578,0,5
273.15,1,7.4676,7.6676,0,5
273.15,1,7.4774,7.6774,0,5
273.15,1,7.4872,7.6872,0,5
273.15,1,7.497,7.697,0,5
273.15,1,7.5068,7.7068,0,5
273.15,1,7.5166,7.7166,0,5
273.15,1,7.5264,7.7264,0,5
273.15,1,7.5362,7.7362,0,5
273.15,1,7.546,7.746,0,5
273.15,1,7.5558,7.7558,0,5
273.15,1,7.5656,7.7656,0,5
273.15,1,7.5754,7.7754,0,5
273.15,1,7.5852,7.7852,0,5
273.15,1,7.595,7.795,0,5
273.15,1,7.6048,7.8048,0,5
273.15,1,7.6146,7.8146,0,5
273.15,1,7.6244,7.8244,0,5
273.15,1,7.6342,7.8342,0,5
273.15,1,7.644,7.844,0,5
273.15,1,7.6538,7.8538,0,5
273.15,1,7.6636,7.8636,0,5
273.15,1,7.6734,7.8734,0,5
273.15,1,7.6832,7.8832,0,5
273.15,1,7.693,7.893,0,5
273.15,1,7.7028,7.9028,0,5
273.15,1,7.7126,7.9126,0,5
273.15,1,7.7224,7.9224,0,5
273.15,1,7.7322,7.9322,0,5
273.15,1,7.742,7.942,0,5
273.15,1,7.7518,7.9518,0,5
273.15,1,7.7616,7.9616,0,5
273.15,1,7.7714,7.9714,0,5
273.15,1,7.7812,7.9812,0,5
273.15,1,7.791,7.991,0,5
273.15,1,7.8008,8.0008,0,5
273.15,1,7.8106,8.0106,0,5
273.15,1,7.8204,8.0204,0,5
273.15,1,7.8302,8.0302,0,5
273.15,1,7.84,8.04,0,5
273.15,1,7.8498,8.0498,0,5
273.15,1,7.8596,8.0596,0,5
273.15,1,7.8694,8.0694,0,5
273.15,1,7.8792,8.0792,0,5
273.15,1,7.889,8.089,0,5
273.15,1,7.8988,8.0988,0,5
273.15,1,7.9086,8.1086,0,5
273.15,1,7.9184,8.1184,0,5
273.15,1,7.9282,8.1282,0,5
273.15,1,7.938,8.138,0,5
273.15,1,7.9478,8.1478,0,5
273.15,1,7.9576,8.1576,0,5
273.15,1,7.9674,8.1674,0,5
273.15,1,7.9772,8.1772,0,5
273.15,1,7.987,8.187,0,5
273.15,1,7.9968,8.1968,0,5
273.15,1,8.0066,8.2066,0,5
273.15,1,8.0164,8.2164,0,5
273.15,1,8.0262,8.2262,0,5
273.15,1,8.036,8.236,0,5
273.15,1,8.0458,8.2458,0,5
273.15,1,8.0556,8.2556,0,5
273.15,1,8.0654,8.2654,0,5
273.15,1,8.0752,8.2752,0,5
273.15,1,8.085,8.285,0,5
273.15,1,8.0948,8.2948,0,5
273.15,1,8.1046,8.3046,0,5
273.15,1,8.1144,8.3144,0,5
273.15,1,8.1242,8.3242,0,5
273.15,1,8.134,8.334,0,5
273.15,1,8.1438,8.3438,0,5
273.15,1,8.1536,8.3536,0,5
273.15,1,8.1634,8.3634,0,5
273.15,1,8.1732,8.3732,0,5
273.15,1,8.183,8.383,0,5
273.15,1,8.1928,8.3928,0,5
273.15,1,8.2026,8.4026,0,5
273.15,1,8.2124,8.4124,0,5
273.15,1,8.2222,8.4222,0,5
273.15,1,8.232,8.432,0,5
273.15,1,8.2418,8.4418,0,5
273.15,1,8.2516,8.4516,0,5
273.15,1,8.2614,8.4614,0,5
273.15,1,8.2712,8.4712,0,5
273.15,1,8.281,8.481,0,5
273.15,1,8.2908,8.4908,0,5
273.15,1,8.3006,8.5006,0,5
273.15,1,8.3104,8.5104,0,5
273.15,1,8.3202,8.5202,0,5
273.15,1,8.33,8.53,0,5
273.15,1,8.3398,8.5398,0,5
273.15,1,8.3496,8.5496,0,5
273.15,1,8.3594,8.5594,0,5
273.15,1,8.3692,8.5692,0,5
273.15,1,8.379,8.579,0,5
273.15,1,8.3888,8.5888,0,5
273.15,1,8.3986,8.5986,0,5
273.15,1,8.4084,8.6084,0,5
273.15,1,8.4182,8.6182,0,5
273.15,1,8.428,8.628,0,5
273.15,1,8.4378,8.6378,0,5
273.15,1,8.4476,8.6476,0,5
273.15,1,8.4574,8.6574,0,5
273.15,1,8.4672,8.6672,0,5
273.15,1,8.477,8.677,0,5
273.15,1,8.4868,8.6868,0,5
273.15,1,8.4966,8.6966,0,5
273.15,1,8.5064,8.7064,0,5
273.15,1,8.5162,8.7162,0,5
273.15,1,8.526,8.726,0,5
273.15,1,8.5358,8.7358,0,5
273.15,1,8.5456,8.7456,0,5
273.15,1,8.5554,8.7554,0,5
273.15,1,8.5652,8.7652,0,5
273.15,1,8.575,8.775,0,5
273.15,1,8.5848,8.7848,0,5
273.15,1,8.5946,8.7946,0,5
273.15,1,8.6044,8.8044,0,5
273.15,1,8.6142,8.8142,0,5
273.15,1,8.624,8.824,0,5
273.15,1,8.6338,8.8338,0,5
273.15,1,8.6436,8.8436,0,5
273.15,1,8.6534,8.8534,0,5
273.15,1,8.6632,8.8632,0,5
273.15,1,8.673,8.873,0,5
273.15,1,8.6828,8.8828,0,5
273.15,1,8.6926,8.8926,0,5
273.15,1,8.7024,8.9024,0,5
273.15,1,8.7122,8.9122,0,5
273.15,1,8.722,8.922,0,5
273.15,1,8.7318,8.9318,0,5
273.15,1,8.7416,8.9416,0,5
273.15,1,8.7514,8.9514,0,5
273.15,1,8.7612,8.9612,0,5
273.15,1,8.771,8.971,0,5
273.15,1,8.7808,8.9808,0,5
273.15,1,8.7906,8.9906,0,5
273.15,1,8.8004,9.0004,0,5
273.15,1,8.8102,9.0102,0,5
273.15,1,8.82,9.02,0,5
273.15,1,8.8298,9.0298,0,5
273.15,1,8.8396,9.0396,0,5
273.15,1,8.8494,9.0494,0,5
273.15,1,8.8592,9.0592,0,5
273.15,1,8.869,9.069,0,5
273.15,1,8.8788,9.0788,0,5
273.15,1,8.8886,9.0886,0,5
273.15,1,8.8984,9.0984,0,5
273.15,1,8.9082,9.1082,0,5
273.15,1,8.918,9.118,0,5
273.15,1,8.9278,9.1278,0,5
273.15,1,8.9376,9.1376,0,5
273.15,1,8.9474,9.1474,0,5
273.15,1,8.9572,9.1572,0,5
273.15,1,8.967,9.167,0,5
273.15,1,8.9768,9.1768,0,5
273.15,1,8.9866,9.1866,0,5
273.15,1,8.9964,9.1964,0,5
273.15,1,9.0062,9.2062,0,5
273.15,1,9.016,9.216,0,5
273.15,1,9.0258,9.2258,0,5
273.15,1,9.0356,9.2356,0,5
273.15,1,9.0454,9.2454,0,5
273.15,1,9.0552,9.2552,0,5
273.15,1,9.065,9.265,0,5
273.15,1,9.0748,9.2748,0,5
273.15,1,9.0846,9.2846,0,5
273.15,1,9.0944,9.2944,0,5
273.15,1,9.1042,9.3042,0,5
273.15,1,9.114,9.314,0,5
273.15,1,9.1238,9.3238,0,5
273.15,1,9.1336,9.3336,0,5
273.15,1,9.1434,9.3434,0,5
273.15,1,9.1532,9.3532,0,5
273.15,1,9.163,9.363,0,5
273.15,1,9.1728,9.3728,0,5
273.15,1,9.1826,9.3826,0,5
273.15,1,9.1924,9.3924,0,5
273.15,1,9.2022,9.4022,0,5
273.15,1,9.212,9.412,0,5
273.15,1,9.2218,9.4218,0,5
273.15,1,9.2316,9.4316,0,5
273.15,1,9.2414,9.4414,0,5
273.15,1,9.2512,9.4512,0,5
273.15,1,9.261,9.461,0,5
273.15,1,9.2708,9.4708,0,5
273.15,1,9.2806,9.4806,0,5
273.15,1,9.2904,9.4904,0,5
273.15,1,9.3002,9.5002,0,5
273.15,1,9.31,9.51,0,5
273.15,1,9.3198,9.5198,0,5
273.15,1,9.3296,9.5296,0,5
273.15,1,9.3394,9.5394,0,5
273.15,1,9.3492,9.5492,0,5
273.15,1,9.359,9.559,0,5
273.15,1,9.3688,9.5688,0,5
273.15,1,9.3786,9.5786,0,5
273.15,1,9.3884,9.5884,0,5
273.15,1,9.3982,9.5982,0,5
273.15,1,9.408,9.608,0,5
273.15,1,9.4178,9.6178,0,5
273.15,1,9.4276,9.6276,0,5
273.15,1,9.4374,9.6374,0,5
273.15,1,9.4472,9.6472,0,5
273.15,1,9.457,9.657,0,5
273.15,1,9.4668,9.6668,0,5
273.15,1,9.4766,9.6766,0,5
273.15,1,9.4864,9.6864,0,5
273.15,1,9.4962,9.6962,0,5
273.15,1,9.506,9.706,0,5
273.15,1,9.5158,9.7158,0,5
273.15,1,9.5256,9.7256,0,5
273.15,1,9.5354,9.7354,0,5
273.15,1,9.5452,9.7452,0,5
273.15,1,9.555,9.755,0,5
273.15,1,9.5648,9.7648,0,5
273.15,1,9.5746,9.7746,0,5
273.15,1,9.5844,9.7844,0,5
273.15,1,9.5942,9.7942,0,5
273.15,1,9.604,9.804,0,5
273.15,1,9.6138,9.8138,0,5
273.15,1,9.6236,9.8236,0,5
273.15,1,9.6334,9.8334,0,5
273.15,1,9.6432,9.8432,0,5
273.15,1,9.653,9.853,0,5
273.15,1,9.6628,9.8628,0,5
273.15,1,9.6726,9.8726,0,5
273.15,1,9.6824,9.8824,0,5
273.15,1,9.6922,9.8922,0,5
273.15,1,9.702,9.902,0,5
273.15,1,9.7118,9.9118,0,5
273.15,1,9.7216,9.9216,0,5
273.15,1,9.7314,9.9314,0,5
273.15,1,9.7412,9.9412,0,5
273.15,1,9.751,9.951,0,5
273.15,1,9.7608,9.9608,0,5
273.15,1,9.7706,9.9706,0,5
273.15,1,9.7804,9.9804,0,5
273.15,1,9.7902,9.9902,0,5
273.15,1,9.8,10,0,5
